{
  "category": "Day1",
  "temperature": 0.7,
  "beta": -0.5,
  "ece": 0.0015078547488792148,
  "thresholds": {
    "가다": {
      "tau": [
        0.7039031386375427,
        0.7039031386375427,
        0.7039031386375427,
        0.7039031386375427
      ],
      "stats": {
        "count": 242
      }
    },
    "거만": {
      "tau": [
        0.9304065704345703,
        0.9304065704345703,
        0.9304065704345703,
        0.9304065704345703
      ],
      "stats": {
        "count": 241
      }
    },
    "놀라다": {
      "tau": [
        0.9870177507400513,
        0.9870177507400513,
        0.9870177507400513,
        0.9870177507400513
      ],
      "stats": {
        "count": 240
      }
    },
    "맞다": {
      "tau": [
        0.6652469635009766,
        0.6652469635009766,
        0.6652469635009766,
        0.6652469635009766
      ],
      "stats": {
        "count": 238
      }
    },
    "싫어하다": {
      "tau": [
        0.9854925870895386,
        0.9854925870895386,
        0.9854925870895386,
        0.9854925870895386
      ],
      "stats": {
        "count": 240
      }
    },
    "우습다": {
      "tau": [
        0.9916731119155884,
        0.9916731119155884,
        0.9916731119155884,
        0.9916731119155884
      ],
      "stats": {
        "count": 240
      }
    },
    "이마": {
      "tau": [
        0.6299159526824951,
        0.6299159526824951,
        0.6299159526824951,
        0.6299159526824951
      ],
      "stats": {
        "count": 239
      }
    }
  },
  "margins": {
    "L1": 0.0,
    "L2": 0.02,
    "L3": 0.05,
    "L4": 0.08,
    "L5": 0.12
  },
  "meta": {
    "bins": 15,
    "targets": [
      0.5,
      0.7,
      0.85,
      0.95
    ],
    "note": "tau_k는 Precision >= target 을 만족하는 최소 p' 임계값"
  }
}