{
  "category": "Day10",
  "temperature": 0.6,
  "beta": -0.7391304347826084,
  "ece": 0.0037501907989224564,
  "thresholds": {
    "가죽신": {
      "tau": [
        0.5724338293075562,
        0.5724338293075562,
        0.5724338293075562,
        0.5724338293075562
      ],
      "stats": {
        "count": 240
      }
    },
    "머리": {
      "tau": [
        0.5921578407287598,
        0.5921578407287598,
        0.5921578407287598,
        0.5921578407287598
      ],
      "stats": {
        "count": 244
      }
    },
    "서점": {
      "tau": [
        0.746576726436615,
        0.746576726436615,
        0.746576726436615,
        0.746576726436615
      ],
      "stats": {
        "count": 246
      }
    },
    "오줌": {
      "tau": [
        0.946215033531189,
        0.946215033531189,
        0.946215033531189,
        0.946215033531189
      ],
      "stats": {
        "count": 240
      }
    },
    "축구장": {
      "tau": [
        0.6881056427955627,
        0.6881056427955627,
        0.6881056427955627,
        0.6881056427955627
      ],
      "stats": {
        "count": 234
      }
    },
    "태극기": {
      "tau": [
        0.9872580170631409,
        0.9872580170631409,
        0.9872580170631409,
        0.9872580170631409
      ],
      "stats": {
        "count": 240
      }
    },
    "턱": {
      "tau": [
        0.5546697378158569,
        0.5546697378158569,
        0.5546697378158569,
        0.5546697378158569
      ],
      "stats": {
        "count": 236
      }
    },
    "행복": {
      "tau": [
        0.9954226613044739,
        0.9954226613044739,
        0.9954226613044739,
        0.9954226613044739
      ],
      "stats": {
        "count": 240
      }
    }
  },
  "margins": {
    "L1": 0.0,
    "L2": 0.02,
    "L3": 0.05,
    "L4": 0.08,
    "L5": 0.12
  },
  "meta": {
    "bins": 15,
    "targets": [
      0.5,
      0.7,
      0.85,
      0.95
    ],
    "note": "tau_k는 Precision >= target 을 만족하는 최소 p' 임계값"
  }
}