{
  "category": "Day2",
  "temperature": 0.6,
  "beta": -0.9782608695652169,
  "ece": 0.0030307151483726915,
  "thresholds": {
    "구두": {
      "tau": [
        0.961999773979187,
        0.961999773979187,
        0.961999773979187,
        0.961999773979187
      ],
      "stats": {
        "count": 239
      }
    },
    "눈": {
      "tau": [
        0.5220444202423096,
        0.5220444202423096,
        0.5220444202423096,
        0.5220444202423096
      ],
      "stats": {
        "count": 241
      }
    },
    "불행": {
      "tau": [
        0.9314708113670349,
        0.9314708113670349,
        0.9314708113670349,
        0.9314708113670349
      ],
      "stats": {
        "count": 241
      }
    },
    "사육장": {
      "tau": [
        0.9981560707092285,
        0.9981560707092285,
        0.9981560707092285,
        0.9981560707092285
      ],
      "stats": {
        "count": 240
      }
    },
    "입": {
      "tau": [
        0.6223952770233154,
        0.6223952770233154,
        0.6223952770233154,
        0.6223952770233154
      ],
      "stats": {
        "count": 238
      }
    },
    "주유소": {
      "tau": [
        0.7213340997695923,
        0.7213340997695923,
        0.7213340997695923,
        0.7213340997695923
      ],
      "stats": {
        "count": 239
      }
    },
    "혀": {
      "tau": [
        0.6066492795944214,
        0.6066492795944214,
        0.6066492795944214,
        0.6066492795944214
      ],
      "stats": {
        "count": 242
      }
    }
  },
  "margins": {
    "L1": 0.0,
    "L2": 0.02,
    "L3": 0.05,
    "L4": 0.08,
    "L5": 0.12
  },
  "meta": {
    "bins": 15,
    "targets": [
      0.5,
      0.7,
      0.85,
      0.95
    ],
    "note": "tau_k는 Precision >= target 을 만족하는 최소 p' 임계값"
  }
}