{
  "category": "Day3",
  "temperature": 0.9,
  "beta": -0.5,
  "ece": 0.002037319193162252,
  "thresholds": {
    "공군본부": {
      "tau": [
        0.7043769359588623,
        0.7043769359588623,
        0.7043769359588623,
        0.7043769359588623
      ],
      "stats": {
        "count": 240
      }
    },
    "슬프다": {
      "tau": [
        0.6083458662033081,
        0.6083458662033081,
        0.6083458662033081,
        0.6979581713676453
      ],
      "stats": {
        "count": 253
      }
    },
    "식당": {
      "tau": [
        0.6277825236320496,
        0.6277825236320496,
        0.6277825236320496,
        0.6277825236320496
      ],
      "stats": {
        "count": 227
      }
    },
    "에어컨": {
      "tau": [
        0.5406738519668579,
        0.5406738519668579,
        0.5406738519668579,
        0.5406738519668579
      ],
      "stats": {
        "count": 240
      }
    },
    "오다": {
      "tau": [
        0.9568348526954651,
        0.9568348526954651,
        0.9568348526954651,
        0.9568348526954651
      ],
      "stats": {
        "count": 240
      }
    },
    "옷장": {
      "tau": [
        0.6827645301818848,
        0.6827645301818848,
        0.6827645301818848,
        0.6827645301818848
      ],
      "stats": {
        "count": 240
      }
    },
    "치약": {
      "tau": [
        0.7887173295021057,
        0.7887173295021057,
        0.7887173295021057,
        0.7887173295021057
      ],
      "stats": {
        "count": 240
      }
    }
  },
  "margins": {
    "L1": 0.0,
    "L2": 0.02,
    "L3": 0.05,
    "L4": 0.08,
    "L5": 0.12
  },
  "meta": {
    "bins": 15,
    "targets": [
      0.5,
      0.7,
      0.85,
      0.95
    ],
    "note": "tau_k는 Precision >= target 을 만족하는 최소 p' 임계값"
  }
}