{
  "category": "Day4",
  "temperature": 0.6,
  "beta": -1.4565217391304346,
  "ece": 0.00224041009320262,
  "thresholds": {
    "냄비": {
      "tau": [
        0.7026966214179993,
        0.7026966214179993,
        0.7026966214179993,
        0.7026966214179993
      ],
      "stats": {
        "count": 238
      }
    },
    "냄새맡다": {
      "tau": [
        0.8738400936126709,
        0.8738400936126709,
        0.8738400936126709,
        0.8738400936126709
      ],
      "stats": {
        "count": 240
      }
    },
    "다행": {
      "tau": [
        0.6835812330245972,
        0.6835812330245972,
        0.6835812330245972,
        0.6835812330245972
      ],
      "stats": {
        "count": 240
      }
    },
    "예식장": {
      "tau": [
        0.9754441976547241,
        0.9754441976547241,
        0.9754441976547241,
        0.9754441976547241
      ],
      "stats": {
        "count": 238
      }
    },
    "유리그릇": {
      "tau": [
        0.7018935680389404,
        0.7018935680389404,
        0.7018935680389404,
        0.7018935680389404
      ],
      "stats": {
        "count": 241
      }
    },
    "자다": {
      "tau": [
        0.9903050661087036,
        0.9903050661087036,
        0.9903050661087036,
        0.9903050661087036
      ],
      "stats": {
        "count": 241
      }
    },
    "자존심": {
      "tau": [
        0.8288541436195374,
        0.8288541436195374,
        0.8288541436195374,
        0.8288541436195374
      ],
      "stats": {
        "count": 242
      }
    }
  },
  "margins": {
    "L1": 0.0,
    "L2": 0.02,
    "L3": 0.05,
    "L4": 0.08,
    "L5": 0.12
  },
  "meta": {
    "bins": 15,
    "targets": [
      0.5,
      0.7,
      0.85,
      0.95
    ],
    "note": "tau_k는 Precision >= target 을 만족하는 최소 p' 임계값"
  }
}