{
  "category": "Day5",
  "temperature": 0.6,
  "beta": -0.5,
  "ece": 0.013680119309852691,
  "thresholds": {
    "눈썹": {
      "tau": [
        0.5613890886306763,
        0.5613890886306763,
        0.6428442597389221,
        0.9743133783340454
      ],
      "stats": {
        "count": 259
      }
    },
    "달리다": {
      "tau": [
        0.9147440195083618,
        0.9147440195083618,
        0.9147440195083618,
        0.9147440195083618
      ],
      "stats": {
        "count": 239
      }
    },
    "당황": {
      "tau": [
        0.8094793558120728,
        0.8094793558120728,
        0.8094793558120728,
        0.8094793558120728
      ],
      "stats": {
        "count": 238
      }
    },
    "목": {
      "tau": [
        0.519963800907135,
        0.519963800907135,
        0.519963800907135,
        0.519963800907135
      ],
      "stats": {
        "count": 242
      }
    },
    "묻다": {
      "tau": [
        0.5631042122840881,
        0.5631042122840881,
        0.5631042122840881,
        0.5631042122840881
      ],
      "stats": {
        "count": 239
      }
    },
    "엉덩이": {
      "tau": [
        0.5213993191719055,
        0.5213993191719055,
        0.5213993191719055,
        0.5213993191719055
      ],
      "stats": {
        "count": 233
      }
    },
    "카지노": {
      "tau": [
        0.9904744625091553,
        0.9904744625091553,
        0.9904744625091553,
        0.9904744625091553
      ],
      "stats": {
        "count": 240
      }
    },
    "코": {
      "tau": [
        0.5566415190696716,
        0.5566415190696716,
        0.5566415190696716,
        0.8891196846961975
      ],
      "stats": {
        "count": 227
      }
    }
  },
  "margins": {
    "L1": 0.0,
    "L2": 0.02,
    "L3": 0.05,
    "L4": 0.08,
    "L5": 0.12
  },
  "meta": {
    "bins": 15,
    "targets": [
      0.5,
      0.7,
      0.85,
      0.95
    ],
    "note": "tau_k는 Precision >= target 을 만족하는 최소 p' 임계값"
  }
}