{
  "category": "Day6",
  "temperature": 0.7,
  "beta": -5.282608695652174,
  "ece": 0.0014346154324481608,
  "thresholds": {
    "경찰서": {
      "tau": [
        0.9373305439949036,
        0.9373305439949036,
        0.9373305439949036,
        0.9373305439949036
      ],
      "stats": {
        "count": 238
      }
    },
    "사라지다": {
      "tau": [
        0.9713796973228455,
        0.9713796973228455,
        0.9713796973228455,
        0.9713796973228455
      ],
      "stats": {
        "count": 237
      }
    },
    "색종이": {
      "tau": [
        0.9918925166130066,
        0.9918925166130066,
        0.9918925166130066,
        0.9918925166130066
      ],
      "stats": {
        "count": 240
      }
    },
    "손": {
      "tau": [
        0.9992846846580505,
        0.9992846846580505,
        0.9992846846580505,
        0.9992846846580505
      ],
      "stats": {
        "count": 241
      }
    },
    "주차장": {
      "tau": [
        0.9608156681060791,
        0.9608156681060791,
        0.9608156681060791,
        0.9608156681060791
      ],
      "stats": {
        "count": 242
      }
    },
    "칼": {
      "tau": [
        0.9931411147117615,
        0.9931411147117615,
        0.9931411147117615,
        0.9931411147117615
      ],
      "stats": {
        "count": 239
      }
    },
    "털": {
      "tau": [
        0.9997057914733887,
        0.9997057914733887,
        0.9997057914733887,
        0.9997057914733887
      ],
      "stats": {
        "count": 240
      }
    },
    "행거": {
      "tau": [
        0.9998300075531006,
        0.9998300075531006,
        0.9998300075531006,
        0.9998300075531006
      ],
      "stats": {
        "count": 240
      }
    }
  },
  "margins": {
    "L1": 0.0,
    "L2": 0.02,
    "L3": 0.05,
    "L4": 0.08,
    "L5": 0.12
  },
  "meta": {
    "bins": 15,
    "targets": [
      0.5,
      0.7,
      0.85,
      0.95
    ],
    "note": "tau_k는 Precision >= target 을 만족하는 최소 p' 임계값"
  }
}