{
  "category": "Day7",
  "temperature": 0.7,
  "beta": -2.4130434782608696,
  "ece": 0.002537525188584731,
  "thresholds": {
    "걱정": {
      "tau": [
        0.8621798157691956,
        0.8621798157691956,
        0.8621798157691956,
        0.8621798157691956
      ],
      "stats": {
        "count": 238
      }
    },
    "고민": {
      "tau": [
        0.9873214364051819,
        0.9873214364051819,
        0.9873214364051819,
        0.9873214364051819
      ],
      "stats": {
        "count": 240
      }
    },
    "군복": {
      "tau": [
        0.8006418347358704,
        0.8006418347358704,
        0.8006418347358704,
        0.8006418347358704
      ],
      "stats": {
        "count": 237
      }
    },
    "기분": {
      "tau": [
        0.8444005250930786,
        0.8444005250930786,
        0.8444005250930786,
        0.8444005250930786
      ],
      "stats": {
        "count": 244
      }
    },
    "불안": {
      "tau": [
        0.980578601360321,
        0.980578601360321,
        0.980578601360321,
        0.980578601360321
      ],
      "stats": {
        "count": 239
      }
    },
    "색연필": {
      "tau": [
        0.9458977580070496,
        0.9458977580070496,
        0.9458977580070496,
        0.9458977580070496
      ],
      "stats": {
        "count": 241
      }
    },
    "침착": {
      "tau": [
        0.840591549873352,
        0.840591549873352,
        0.840591549873352,
        0.840591549873352
      ],
      "stats": {
        "count": 241
      }
    },
    "팔": {
      "tau": [
        0.9941296577453613,
        0.9941296577453613,
        0.9941296577453613,
        0.9941296577453613
      ],
      "stats": {
        "count": 240
      }
    }
  },
  "margins": {
    "L1": 0.0,
    "L2": 0.02,
    "L3": 0.05,
    "L4": 0.08,
    "L5": 0.12
  },
  "meta": {
    "bins": 15,
    "targets": [
      0.5,
      0.7,
      0.85,
      0.95
    ],
    "note": "tau_k는 Precision >= target 을 만족하는 최소 p' 임계값"
  }
}