{
  "category": "Day8",
  "temperature": 0.7,
  "beta": -0.7391304347826084,
  "ece": 0.002242866851101861,
  "thresholds": {
    "걷다": {
      "tau": [
        0.8706870675086975,
        0.8706870675086975,
        0.8706870675086975,
        0.8706870675086975
      ],
      "stats": {
        "count": 241
      }
    },
    "듣다": {
      "tau": [
        0.6433188915252686,
        0.6433188915252686,
        0.6433188915252686,
        0.6433188915252686
      ],
      "stats": {
        "count": 239
      }
    },
    "때리다": {
      "tau": [
        0.8553773760795593,
        0.8553773760795593,
        0.8553773760795593,
        0.8553773760795593
      ],
      "stats": {
        "count": 241
      }
    },
    "발가락": {
      "tau": [
        0.6500610113143921,
        0.6500610113143921,
        0.6500610113143921,
        0.6500610113143921
      ],
      "stats": {
        "count": 236
      }
    },
    "부럽다": {
      "tau": [
        0.5921926498413086,
        0.5921926498413086,
        0.5921926498413086,
        0.5921926498413086
      ],
      "stats": {
        "count": 247
      }
    },
    "수영장": {
      "tau": [
        0.7590011954307556,
        0.7590011954307556,
        0.7590011954307556,
        0.7590011954307556
      ],
      "stats": {
        "count": 240
      }
    },
    "운동화": {
      "tau": [
        0.6223881244659424,
        0.6223881244659424,
        0.6223881244659424,
        0.6223881244659424
      ],
      "stats": {
        "count": 243
      }
    },
    "잠옷": {
      "tau": [
        0.6407774090766907,
        0.6407774090766907,
        0.6407774090766907,
        0.6407774090766907
      ],
      "stats": {
        "count": 233
      }
    }
  },
  "margins": {
    "L1": 0.0,
    "L2": 0.02,
    "L3": 0.05,
    "L4": 0.08,
    "L5": 0.12
  },
  "meta": {
    "bins": 15,
    "targets": [
      0.5,
      0.7,
      0.85,
      0.95
    ],
    "note": "tau_k는 Precision >= target 을 만족하는 최소 p' 임계값"
  }
}