{
  "category": "Day9",
  "temperature": 0.5,
  "beta": -1.2173913043478262,
  "ece": 0.0018255390144669926,
  "thresholds": {
    "던지다": {
      "tau": [
        0.9820793271064758,
        0.9820793271064758,
        0.9820793271064758,
        0.9820793271064758
      ],
      "stats": {
        "count": 238
      }
    },
    "안타깝다": {
      "tau": [
        0.542819619178772,
        0.542819619178772,
        0.542819619178772,
        0.542819619178772
      ],
      "stats": {
        "count": 241
      }
    },
    "연구소": {
      "tau": [
        0.7327926754951477,
        0.7327926754951477,
        0.7327926754951477,
        0.7327926754951477
      ],
      "stats": {
        "count": 239
      }
    },
    "우울": {
      "tau": [
        0.7067114114761353,
        0.7067114114761353,
        0.7067114114761353,
        0.7067114114761353
      ],
      "stats": {
        "count": 242
      }
    },
    "이불": {
      "tau": [
        0.8818613290786743,
        0.8818613290786743,
        0.8818613290786743,
        0.8818613290786743
      ],
      "stats": {
        "count": 240
      }
    },
    "짜증": {
      "tau": [
        0.9965648055076599,
        0.9965648055076599,
        0.9965648055076599,
        0.9965648055076599
      ],
      "stats": {
        "count": 240
      }
    },
    "탁구공": {
      "tau": [
        0.710624098777771,
        0.710624098777771,
        0.710624098777771,
        0.710624098777771
      ],
      "stats": {
        "count": 239
      }
    },
    "터미널": {
      "tau": [
        0.6754848957061768,
        0.6754848957061768,
        0.6754848957061768,
        0.6754848957061768
      ],
      "stats": {
        "count": 241
      }
    }
  },
  "margins": {
    "L1": 0.0,
    "L2": 0.02,
    "L3": 0.05,
    "L4": 0.08,
    "L5": 0.12
  },
  "meta": {
    "bins": 15,
    "targets": [
      0.5,
      0.7,
      0.85,
      0.95
    ],
    "note": "tau_k는 Precision >= target 을 만족하는 최소 p' 임계값"
  }
}